{"slope": 0.9638454853290725, "intercept": 880.4657215181187, "first_date": "2015-01-03"}
